{"cameraMode":{"drawMode":0,"name":"Shaded","section":"Shading Mode"},"sceneLighting":true,"audioPlay":false,"sceneViewState":{"showFog":true,"showMaterialUpdate":false,"showSkybox":true,"showFlares":true,"showImageEffects":true,"showParticleSystems":true},"in2DMode":false,"pivot":{"x":0.0,"y":-0.00011829100549221039,"z":0.8799999952316284},"rotation":{"x":0.2535932958126068,"y":-0.4602929353713989,"z":0.1390688717365265,"w":0.8393545746803284},"size":28.150531768798829,"orthographic":false}